FirstName,LastName,Email,Phone,DOB,Gender,City,State,Segment,Status,JoinDate,Employment,Income
Danielle,Johnson,john21@example.net,001-581-896-0013x3890,1960-03-09,M,Lawrencetown,WV,VIP,Active,2023-11-12,Employed Full-time,88122
Helen,Peterson,jasongallagher@example.org,361-855-9407,1950-07-19,F,Mariastad,OK,VIP,Inactive,2024-01-01,Retired,104255
Janet,Williams,kendragalloway@example.org,664-375-2553,1986-08-21,F,New Jessica,GA,Premium,Inactive,2025-02-24,Self-employed,108457
Noah,Mayo,gabriellecameron@example.org,505.964.1395,1972-02-09,M,Thomasberg,IA,VIP,Inactive,2025-07-28,Employed Full-time,102676
Amber,Burgess,zhurst@example.com,828.371.0122,1971-05-15,M,Carlsonmouth,NC,Retail,Inactive,2024-04-02,Self-employed,51533
Tasha,Valencia,frazierdanny@example.net,001-645-514-6270x48281,1955-08-02,M,Kathrynside,WI,VIP,Inactive,2025-06-09,Employed Full-time,44955
Samantha,George,xsmith@example.com,403.491.1718,1990-01-30,M,Arroyoburgh,KS,Premium,Inactive,2025-06-05,Retired,147251
Monique,Henderson,sarahcampos@example.net,546.357.8713,1968-03-11,F,New Angelashire,IN,Retail,Inactive,2023-03-20,Employed Full-time,58489
Chad,Welch,carlosjohnson@example.com,983-547-3829,1998-07-30,F,Aguirreborough,CT,Premium,Inactive,2023-08-06,Self-employed,80429
Donna,Gomez,uowens@example.org,+1-610-965-1333x87262,1962-03-08,F,South Lindseyside,CT,Retail,Inactive,2023-05-26,Self-employed,122627
Denise,Fernandez,novaksara@example.org,(267)873-6026,1963-03-26,F,Mitchellside,TN,Retail,Active,2025-04-03,Self-employed,130767
Eric,Phillips,rileyamy@example.net,300-597-8820x81219,1972-08-29,M,New Johnton,RI,VIP,Inactive,2023-07-14,Self-employed,93387
Robert,Silva,sarah35@example.org,362-547-5107x991,1979-08-11,F,Davidstad,FM,VIP,Inactive,2023-06-23,Employed Full-time,48457
Natasha,Wood,samueldaniels@example.com,+1-680-684-1241x182,1986-05-06,F,Lake Matthew,TX,VIP,Inactive,2025-11-18,Retired,52185
Melissa,Wagner,rebecca01@example.net,(340)405-2427x86801,1982-04-24,F,Port Mikeside,FL,Retail,Active,2025-01-04,Employed Full-time,142379
David,Parker,nolanjason@example.org,+1-815-586-9232x26025,1963-05-05,F,Port Jacqueline,MS,VIP,Active,2023-05-08,Retired,49137
Michele,Walker,ybailey@example.org,803.765.4145,1947-01-24,M,West Gregoryview,AZ,VIP,Active,2023-08-24,Employed Full-time,109554
Candace,Reed,samuel81@example.com,001-734-806-0883,1949-12-12,M,Cindyville,VA,Retail,Inactive,2024-06-17,Self-employed,105174
William,Estrada,richard48@example.org,266.629.9468,1964-09-16,F,South Kristi,PA,Premium,Inactive,2025-12-20,Retired,94174
Marco,Ramos,williamleon@example.net,(514)589-5134,1955-03-19,M,North Johnfort,RI,Retail,Inactive,2023-06-30,Self-employed,124102
Stanley,Mercado,jennifercruz@example.com,220.516.3287,2007-08-14,F,South Dennismouth,TN,VIP,Inactive,2025-06-11,Retired,130451
Vanessa,Larson,usalazar@example.net,(387)627-7434x87347,1961-02-21,F,Matthewside,CO,Premium,Inactive,2023-10-09,Self-employed,36133
Edward,Reyes,jasminebrown@example.com,787-660-3669x09670,1996-06-16,M,Castanedachester,ND,Retail,Inactive,2025-07-04,Retired,80805
Lauren,Hurst,brobinson@example.com,2658627298,1985-06-18,M,North Dawnberg,VI,VIP,Inactive,2025-02-23,Retired,136942
Hunter,Green,jason55@example.com,264-517-0805x310,1958-10-02,F,New Elijahberg,NJ,Premium,Active,2026-01-11,Retired,147110
Danny,Gould,xlyons@example.com,(699)812-4190,1972-03-05,M,North Brittany,MP,VIP,Inactive,2025-11-07,Self-employed,81513
John,Terry,melissa91@example.net,8589651850,1952-05-14,M,Yumouth,VT,VIP,Active,2023-11-01,Self-employed,109220
Ryan,Gross,christina87@example.com,(294)953-1473x79965,2003-02-03,F,Hunterborough,MI,VIP,Active,2024-04-13,Self-employed,57448
Matthew,Beard,angela83@example.org,367.683.7770,1960-04-06,M,Holtport,TN,Retail,Active,2025-08-28,Self-employed,133811
Miguel,Tran,ronald85@example.com,001-574-544-3135x182,1995-06-13,F,Hillshire,WV,Retail,Active,2025-05-31,Employed Full-time,64204
Candice,Hooper,kennethward@example.com,9823400842,2004-07-28,M,New Justinfort,NV,Premium,Active,2024-08-19,Employed Full-time,115468
Jack,Williams,ewilson@example.com,519.802.2941x3186,1975-11-04,F,Evansshire,NE,Retail,Inactive,2024-06-25,Retired,88352
Ashley,Brown,mezajared@example.org,912-632-8120x679,1947-05-29,F,West Jasmine,UT,VIP,Inactive,2025-02-11,Employed Full-time,139914
Charles,Hall,kristin93@example.com,683-624-2102,1975-01-26,M,South Haleyfurt,KY,Retail,Inactive,2025-04-24,Self-employed,143395
Amber,Kim,prestonjessica@example.net,901-639-9049x027,1957-07-14,F,Waltersfort,CO,VIP,Active,2025-03-08,Self-employed,126067
Michael,Cook,hodgemark@example.net,246.980.7154x5168,1973-04-22,M,East Aprilfort,SC,Retail,Inactive,2025-01-23,Employed Full-time,87502
Kathleen,Harris,sarakim@example.net,310.993.2480x8613,1953-03-06,M,South Sarah,LA,Premium,Active,2025-05-07,Employed Full-time,31965
Janice,Perry,pbaird@example.com,+1-826-739-8214,1998-10-15,F,Loriport,VA,Premium,Inactive,2024-06-14,Retired,86326
Mary,Carpenter,cgrimes@example.net,855.288.6753x3963,1966-11-02,M,Thorntonfurt,MS,Premium,Active,2026-01-03,Employed Full-time,39314
Laura,Pearson,tylerjohnson@example.net,001-851-471-8702,1950-04-11,M,Harringtonview,MA,Retail,Active,2025-11-01,Retired,49196
Heather,Santos,melissa86@example.com,+1-978-409-1343x1611,1992-05-30,M,Rebeccaton,MD,VIP,Active,2023-06-04,Retired,42514
Kelly,Brooks,johnjenkins@example.net,(422)519-6937,1976-07-25,F,Stevetown,MH,Retail,Inactive,2025-02-28,Retired,113911
Rachel,Byrd,charleslandry@example.net,664-674-3671x3695,1946-09-05,M,Hillshire,VI,VIP,Inactive,2026-02-06,Retired,107064
Kimberly,Beltran,swall@example.org,+1-753-439-4210x470,1951-04-27,F,Markchester,HI,Retail,Inactive,2024-01-14,Self-employed,38475
David,Ryan,alyssa42@example.com,245.617.1236x8516,1981-09-12,F,South Miguelview,OR,Retail,Active,2024-10-20,Retired,35004
Lynn,Bentley,leonardthomas@example.net,+1-459-231-7461,1947-09-19,F,Wendyville,CT,Premium,Inactive,2024-03-07,Retired,46166
Paige,Taylor,vwatson@example.net,+1-669-226-1796,1992-02-28,M,Jeffmouth,IA,VIP,Inactive,2024-09-22,Employed Full-time,55568
Cory,Jennings,bruce43@example.org,513.590.0532x931,2000-07-06,F,West Kim,WY,Retail,Active,2025-09-19,Employed Full-time,56009
Aaron,Garrison,vanessafernandez@example.org,402-605-3950,1948-10-01,F,Lake Robert,DE,Premium,Inactive,2023-06-15,Self-employed,133607
Thomas,Strickland,hayesjeffrey@example.net,3849700766,1993-08-30,M,Jonesland,MD,Premium,Active,2025-10-08,Retired,51771
Eddie,Martinez,oscar98@example.com,789.961.1836x736,1972-04-26,F,Blairmouth,NE,Premium,Active,2024-07-06,Self-employed,115470
Elizabeth,Brooks,gloriawells@example.org,716-315-2809,1973-02-20,F,Morganchester,VI,VIP,Inactive,2023-05-27,Retired,75247
Tanya,Burke,dale83@example.org,+1-273-615-8514x93689,1947-02-26,F,West Jacqueline,ME,Retail,Inactive,2024-08-17,Self-employed,110049
Michael,White,ashleymorales@example.org,001-301-283-6675x2545,1955-10-09,M,Port Christine,TX,Premium,Active,2023-07-13,Self-employed,50484
Joseph,Stanley,alawson@example.com,681.256.1497,1960-03-11,M,Joyceton,AL,Retail,Inactive,2024-01-20,Self-employed,143646
Kevin,Clark,kathrynroberts@example.org,7763226838,1972-03-16,M,South Andrewland,VI,Premium,Inactive,2024-07-07,Self-employed,59922
Barbara,Berry,zroberts@example.org,829-675-1613x69681,1995-12-09,F,Jeffreyburgh,CA,Premium,Inactive,2025-05-10,Self-employed,129334
Cynthia,Schmidt,rebeccabailey@example.net,+1-923-912-4329x2127,1991-07-15,M,Michellemouth,FL,Retail,Inactive,2025-01-20,Employed Full-time,107153
Carlos,Ramos,laura90@example.com,814.977.0054x11998,1984-09-04,F,South Reginashire,SD,VIP,Inactive,2023-12-26,Retired,142510
Marc,Alvarez,susanhayes@example.com,001-718-720-3778x892,2007-08-26,M,Paulmouth,TX,Premium,Active,2025-09-22,Retired,69884
Brian,Mccoy,cameron18@example.net,(344)692-5192x5462,1983-03-22,M,Schneidermouth,GU,VIP,Inactive,2023-09-23,Employed Full-time,104040
Elizabeth,Calderon,lucasrodney@example.com,4544235733,1950-06-08,M,Meganville,NY,Retail,Active,2025-06-24,Self-employed,59282
Mary,Stephenson,stanleynancy@example.net,(296)822-2927,1969-12-22,M,South Cheryl,WV,Retail,Active,2025-02-03,Retired,47872
Jesus,Allen,mmckee@example.com,+1-297-974-6886x23924,2004-09-01,F,Angelaville,VT,VIP,Active,2025-05-18,Employed Full-time,65447
Melissa,Mitchell,joshuawhitehead@example.org,(713)575-0606x85361,1947-02-07,M,Sarahmouth,WY,Retail,Active,2023-10-21,Retired,77256
Devin,Mitchell,ihorton@example.net,379.601.0432x8986,1961-05-10,M,Davidbury,MT,Retail,Inactive,2025-11-25,Retired,54346
Laura,Bryant,copelandvincent@example.net,7895324609,1984-01-07,F,Lopezland,NC,Retail,Inactive,2024-09-19,Self-employed,76174
Carlos,Fox,myerstheodore@example.net,(754)705-1531x9520,2000-07-17,M,Port Kimberly,NH,VIP,Active,2026-02-21,Retired,110599
Timothy,White,bryanparsons@example.com,8439030548,1962-06-04,F,Port Deborahport,MI,Premium,Inactive,2023-05-22,Employed Full-time,112602
Michelle,Rivera,lloydsamuel@example.com,001-876-452-7758x4161,1982-04-21,M,Manuelland,MD,VIP,Inactive,2025-12-29,Employed Full-time,84568
Kenneth,Griffin,cjackson@example.com,205.496.4016x582,2002-12-08,M,Johnsonland,IA,Premium,Active,2025-12-05,Retired,78113
Michael,Reyes,jacobserika@example.com,(271)492-8565x431,1979-02-22,M,Mcintyreville,KS,VIP,Active,2024-04-16,Self-employed,46528
Jane,Lewis,heather73@example.org,(617)627-1551,2003-02-13,F,Lake Jenna,UT,Retail,Inactive,2025-11-23,Employed Full-time,35158
Grant,Ward,davidharris@example.org,470.358.9578,1949-08-29,M,Raymondfort,NC,VIP,Active,2024-12-06,Employed Full-time,135952
Kayla,Morrow,martinezlogan@example.org,378.452.8922x680,1965-11-18,F,East Marcus,VT,Premium,Active,2024-02-22,Employed Full-time,61442
Michael,Everett,meghan43@example.net,+1-442-449-8182,1990-01-04,M,Meganshire,AZ,VIP,Active,2023-04-22,Retired,69749
Christopher,Fry,debra96@example.net,+1-407-984-4736x4710,1973-06-20,M,Marshallmouth,PA,Retail,Active,2023-10-18,Employed Full-time,132442
Larry,Higgins,theresa25@example.net,+1-415-337-1473,1948-08-17,F,Soniachester,IA,VIP,Inactive,2023-11-12,Retired,146235
Lisa,Peck,james27@example.net,774.270.1687x339,1948-08-16,F,Troyfort,LA,Retail,Active,2025-06-19,Employed Full-time,109018
Alan,Rodriguez,nicoleluna@example.com,(906)609-8358x416,2001-05-07,F,East Theresafurt,MN,Premium,Active,2024-08-16,Self-employed,53870
Angela,Diaz,jameshicks@example.net,4007257872,1986-11-26,M,Franciscoport,OR,VIP,Active,2024-08-12,Employed Full-time,77357
William,Hicks,terickson@example.com,9556169409,1989-10-18,F,Lake Brett,NJ,Retail,Inactive,2023-11-28,Self-employed,80704
Alexandria,Griffith,rhernandez@example.org,8915307562,1973-02-09,M,Salaston,VT,Premium,Inactive,2023-10-09,Employed Full-time,49282
April,Hoffman,ufox@example.org,685.585.4973x348,1965-06-09,M,Janetfort,MD,VIP,Active,2025-03-23,Employed Full-time,129820
Michael,Peck,keith98@example.com,(652)640-4157x4733,1954-07-11,F,New Joycebury,IA,VIP,Inactive,2023-05-26,Employed Full-time,31197
Elizabeth,Schmidt,briangutierrez@example.net,212.308.2677x3454,1989-07-28,F,New Joanne,PR,Retail,Inactive,2023-05-05,Self-employed,117115
Robin,Thompson,sarahjohnson@example.com,924.400.4991x5478,2003-02-06,M,Nelsonville,MA,Premium,Inactive,2023-11-16,Self-employed,41687
Jessica,Wong,alexisrogers@example.com,001-832-396-6851,1957-10-04,M,South Marcus,IA,Retail,Inactive,2023-03-19,Employed Full-time,72588
Jose,Young,stephanie49@example.net,001-404-853-0174,1991-11-15,F,Hannahport,MN,Retail,Active,2025-10-18,Self-employed,71191
Jeffrey,Bernard,vhernandez@example.net,(768)378-3391x878,2007-08-09,M,North Mariahaven,ID,VIP,Active,2025-08-14,Employed Full-time,70564
Amanda,Martin,nwilson@example.net,001-871-987-0728,1983-07-24,M,New Stevenport,VA,Retail,Active,2023-04-11,Retired,133172
Randy,Velasquez,bethwilliams@example.com,001-718-801-7046x226,1975-09-16,F,Bennettside,DC,Premium,Active,2025-12-18,Self-employed,33697
Michelle,Wilson,urice@example.org,5049786863,1968-09-27,M,West Jacob,FM,Premium,Inactive,2023-08-31,Self-employed,127546
Antonio,Keller,allencarlos@example.net,5792030673,1954-09-21,M,Jimshire,MD,VIP,Active,2025-08-22,Self-employed,83402
Carla,Chambers,joel28@example.org,(744)808-9268x70568,1972-12-19,F,West Nicholas,WV,Retail,Inactive,2025-06-21,Self-employed,86887
Thomas,Atkinson,meredith27@example.org,+1-566-788-2634,1989-03-11,M,South Melanieland,ND,Retail,Active,2023-12-29,Employed Full-time,131581
Brett,Bennett,russojacob@example.net,001-583-873-5403x3173,2007-06-17,F,New Marc,LA,Retail,Active,2024-10-20,Employed Full-time,123024
Steven,Wong,jose87@example.com,575-435-5609,1946-04-16,M,Angelashire,OR,Premium,Inactive,2024-12-16,Retired,106380
Kenneth,Gonzalez,noahwhitaker@example.com,+1-454-977-7252,1957-09-16,F,New Arthurland,GU,Premium,Inactive,2026-01-10,Self-employed,38304
Brandon,Smith,meganhall@example.net,(903)987-5099,1946-04-04,M,New Andreatown,AK,VIP,Active,2025-06-08,Retired,48627
Jennifer,Nichols,andre62@example.org,682-833-9845,1950-07-25,M,Susanmouth,OK,Premium,Inactive,2024-03-20,Self-employed,143264
Veronica,Perez,valdezmichele@example.org,366-968-7002,2002-09-16,F,Newmanmouth,OK,Retail,Inactive,2023-08-04,Retired,105540
Patricia,Ellison,jasonparrish@example.net,440.814.8902x5039,1950-06-03,F,Franciscobury,OK,Retail,Inactive,2024-11-02,Self-employed,60728
Erica,Fernandez,icampos@example.net,001-818-750-1631x5999,1947-03-15,F,Kristenmouth,NM,VIP,Active,2024-02-26,Self-employed,123599
Michael,Pugh,llopez@example.net,(719)343-1142x6265,1951-05-31,F,West Seanview,CT,VIP,Active,2023-09-30,Self-employed,127379
Christopher,Jordan,fgarcia@example.com,+1-819-395-6046,1994-07-06,M,New Adriana,TX,Premium,Active,2024-10-20,Retired,63996
Gavin,Adams,trevor12@example.com,964-371-5437x993,1954-05-28,F,Adamfurt,MA,VIP,Inactive,2025-10-27,Employed Full-time,83844
Noah,Atkins,pcook@example.net,(745)693-7526,1995-03-12,F,Faulknerbury,MD,Premium,Inactive,2024-10-13,Self-employed,80622
Juan,Hartman,daniel93@example.net,+1-828-907-3741,1954-08-28,F,Johnberg,VT,Premium,Inactive,2024-12-25,Employed Full-time,40028
Kristina,Jones,iaguilar@example.net,001-268-805-8911x352,1996-05-28,F,Tammychester,CT,VIP,Active,2023-03-25,Employed Full-time,141667
Corey,Walker,seanmyers@example.net,001-382-350-7146,2001-10-03,F,West Larry,NH,Retail,Inactive,2024-01-24,Employed Full-time,113630
Adriana,Bailey,kimheather@example.com,440-410-5123,1967-09-16,M,Mullenbury,AS,VIP,Active,2024-11-27,Retired,38014
Crystal,Lopez,vfoster@example.net,379.366.0334,1999-08-04,F,West Mark,NH,VIP,Inactive,2023-09-02,Self-employed,145803
Jose,Huffman,candice96@example.net,355-479-2499,1966-07-01,F,East Kevinburgh,MN,Retail,Active,2026-02-18,Self-employed,66031
Donald,Price,baileyhenderson@example.com,+1-782-282-7422x5790,1978-03-01,F,East Lisa,OH,Retail,Active,2025-05-02,Employed Full-time,41523
Denise,Ortiz,cperry@example.com,(619)403-4043,1998-04-25,M,Cunninghamfort,OH,Premium,Inactive,2025-05-10,Employed Full-time,37379
Daniel,Wilson,amber07@example.net,361.934.0745,2004-01-25,F,Port Lisaborough,AS,Retail,Active,2025-09-07,Self-employed,61204
Hannah,Callahan,imartin@example.org,709.658.4982,1964-11-15,M,Stephaniehaven,MH,Premium,Inactive,2026-01-27,Employed Full-time,62613
Lisa,Taylor,rsellers@example.net,(623)825-3672,1970-09-18,M,Jonesland,MO,Premium,Inactive,2025-05-17,Self-employed,135408
Kara,Neal,shawn75@example.net,5179518636,1963-06-17,F,Mariamouth,OH,VIP,Active,2025-08-22,Self-employed,37303
David,Phelps,patricia00@example.org,+1-670-312-7706x3242,1989-09-23,F,Johnstad,TN,Retail,Active,2025-12-11,Employed Full-time,101832
Gabriel,Sanders,jessica36@example.net,910-237-1293,1945-09-25,F,Lisachester,UT,Retail,Active,2023-09-30,Retired,132219
Tim,Perez,crosscurtis@example.com,(942)762-2189x092,1994-05-07,F,Lake Kaitlin,PW,VIP,Active,2024-12-07,Retired,43281
Christina,Ramos,christophergarcia@example.org,001-565-665-2341,1998-03-12,F,Port Melanieport,IL,Premium,Inactive,2025-05-21,Self-employed,129166
Catherine,Lopez,dphillips@example.org,861.737.9180x5526,1982-05-13,M,Port Thomas,WI,VIP,Active,2023-06-30,Retired,38091
Alvin,Jones,jason06@example.net,386-566-1889x2414,2000-03-04,M,New Mark,OR,VIP,Active,2025-11-18,Retired,40136
Kathryn,Santos,collinssamuel@example.org,6314617990,1953-04-24,M,Lake Derricktown,GA,Retail,Inactive,2025-04-18,Retired,121164
Stephanie,Mills,gary24@example.net,305-964-8149,1976-02-29,M,Brianshire,GA,VIP,Active,2024-09-30,Retired,61632
Eric,Ayala,perezwilliam@example.org,8305756220,1967-01-31,F,South Ruth,MD,VIP,Active,2024-05-03,Employed Full-time,31039
Margaret,Duncan,shawrachel@example.org,380.961.7445,1945-09-23,F,Jamesshire,WY,VIP,Active,2024-06-23,Retired,52924
Jodi,Sanchez,brittany73@example.net,+1-232-706-0385,1945-04-14,M,Sweeneyport,CT,VIP,Inactive,2024-01-21,Retired,122592
Alyssa,Allen,jwoodward@example.net,410-838-6571x918,1950-04-11,F,South Elaineberg,IA,Retail,Active,2024-06-04,Employed Full-time,62669
Jose,Edwards,vhaynes@example.com,774-831-3291x21277,1953-05-26,M,Tamiborough,NV,VIP,Inactive,2024-06-29,Self-employed,86337
Steven,Phelps,mooregina@example.net,001-690-635-2135x680,2000-12-28,F,North Stephanie,PR,Retail,Active,2025-02-08,Self-employed,75769
Angela,Pierce,murraylinda@example.org,600-332-3651,1946-09-01,M,East Rachelmouth,AS,Premium,Active,2023-09-25,Employed Full-time,115480
Christopher,Boone,david70@example.org,001-566-470-6625,1963-11-24,F,Seanberg,AZ,VIP,Active,2025-10-17,Retired,121797
Christine,Sanchez,victor87@example.org,246-826-3838,1998-05-24,M,Timothyfort,MI,Retail,Inactive,2025-08-03,Retired,34322
Wayne,Price,anthonyharper@example.org,001-240-578-5932x13348,1984-05-11,M,Kellyburgh,HI,Premium,Inactive,2024-03-10,Employed Full-time,90097
Brittany,Drake,robin05@example.net,001-229-337-8427,1949-01-03,M,New Jeffery,NC,Retail,Active,2025-03-20,Retired,148675
Aaron,Hardin,lindsaypeterson@example.org,700-629-2185x15691,1967-02-20,M,East Jessica,NE,Premium,Active,2025-11-26,Retired,83320
Susan,Banks,jasminehoffman@example.net,(239)426-4422x096,1986-03-06,M,Samanthabury,SC,Premium,Inactive,2025-08-03,Employed Full-time,43394
Dalton,Crawford,julie35@example.com,(715)670-4331,1998-09-28,M,Lake Aaronfurt,NV,Retail,Inactive,2024-12-19,Employed Full-time,44953
Tanya,Wilkerson,wmacias@example.net,(317)393-2710x4054,1968-06-11,M,South Eugene,CA,Retail,Active,2025-07-05,Retired,135820
Shelly,Spence,brooke97@example.net,5625962015,1973-01-13,M,Donnaport,IA,Premium,Inactive,2023-08-05,Self-employed,108748
Brandon,Armstrong,xhernandez@example.org,(614)897-3103x24171,1977-03-26,M,Jacobsonview,CO,Retail,Active,2025-11-30,Retired,149615
Amy,Lopez,cwood@example.org,877-543-4902x115,1982-11-09,F,Port Paulhaven,MT,VIP,Inactive,2025-06-17,Retired,99759
Gloria,Mayer,thomasmiller@example.net,4894899217,1959-08-09,F,East Brad,CO,Retail,Inactive,2026-02-02,Retired,54139
Ryan,Osborn,maryscott@example.net,916-286-8548,1998-09-16,F,Rodriguezberg,FL,Retail,Inactive,2025-08-05,Retired,63173
Brianna,Chang,buckleyanna@example.org,885-464-6799x7024,1987-04-04,M,Williamsmouth,UT,VIP,Active,2024-03-12,Employed Full-time,48733
Brandon,Alvarez,penny05@example.com,547-913-2475x4691,1959-07-28,F,Figueroahaven,VI,VIP,Active,2024-10-09,Self-employed,44479
Lori,Robertson,cameronmckinney@example.com,(289)902-3303,1948-08-16,M,Janetview,MN,VIP,Inactive,2025-02-27,Employed Full-time,110491
William,Reid,maldonadojohn@example.com,+1-272-879-8552x414,1948-07-25,M,Port Ashley,IL,Retail,Inactive,2024-02-15,Retired,83697
Deborah,Byrd,denise80@example.net,6726290349,1974-01-09,F,Yorkmouth,KS,Retail,Inactive,2024-02-10,Employed Full-time,56242
Steven,Byrd,asilva@example.net,+1-658-699-4417x15454,1958-01-01,M,New Kathy,MH,VIP,Inactive,2023-06-05,Self-employed,136594
Linda,Lang,rguerrero@example.org,001-507-944-6660x9935,2006-11-15,M,Williamburgh,MP,Premium,Inactive,2025-12-24,Retired,33364
Nancy,White,ruizjoyce@example.net,+1-725-713-5346,1962-12-01,F,Stevenville,NJ,VIP,Inactive,2023-05-31,Employed Full-time,37616
Michelle,Silva,kennedyjames@example.org,+1-768-446-0223x56972,1998-03-11,M,South Marvinburgh,MD,VIP,Inactive,2025-11-18,Retired,48611
Brian,Hayes,kathleenjackson@example.org,512.796.6667x6008,1946-02-21,F,Katherinehaven,ID,VIP,Inactive,2023-04-05,Self-employed,100184
Erica,Sims,jeremywiley@example.com,(616)689-4210,1976-03-18,F,Ryanberg,MA,Retail,Inactive,2025-04-08,Self-employed,60743
Michael,Lopez,osmith@example.net,(830)698-2150,1997-09-01,F,New Virginiaville,SD,Premium,Inactive,2023-04-08,Employed Full-time,65858
Brandon,Wilson,jjames@example.com,323.304.6184x9926,1964-06-03,M,Port Danielborough,PA,Premium,Inactive,2024-01-13,Retired,79358
Kimberly,Decker,michaelortiz@example.org,3873375300,2002-01-08,M,Hernandezland,WI,Premium,Inactive,2025-05-11,Self-employed,98929
Charles,Cummings,dawn74@example.com,201.420.4556x110,1990-04-29,F,West Michael,NV,VIP,Active,2025-10-29,Employed Full-time,42580
Joseph,Quinn,lisa21@example.com,(974)967-6212x0216,1957-07-09,M,Maxwelltown,VI,Retail,Active,2026-02-04,Employed Full-time,62941
Nichole,Acosta,timothyfreeman@example.com,301.845.0899x358,1990-03-19,M,South Michael,TX,VIP,Inactive,2025-11-29,Employed Full-time,149414
Paul,Combs,smithsarah@example.net,872.817.5354x0838,2000-10-15,M,North Stephen,AS,Retail,Inactive,2025-08-15,Self-employed,79432
Shane,Gates,fstewart@example.net,+1-501-966-0880x1994,1968-05-18,M,Marciabury,PR,Premium,Inactive,2025-02-11,Self-employed,119629
Martin,Saunders,xmoran@example.net,211.430.5548x851,1978-09-11,F,Port Jennifer,VA,Premium,Inactive,2024-12-03,Retired,105473
Daniel,Carr,davidphelps@example.org,435.916.0917x798,1945-06-24,F,New Savannahshire,NJ,VIP,Inactive,2025-05-06,Employed Full-time,91290
Kimberly,Kent,jessicaanderson@example.com,+1-499-458-6693x46547,1973-04-09,M,Meganside,VI,Premium,Active,2024-07-08,Self-employed,119308
Jennifer,Walls,jamesweber@example.com,+1-652-828-8515x87996,2000-03-10,M,New Danielfurt,FL,Retail,Inactive,2023-05-30,Employed Full-time,45565
Ellen,Gonzalez,tonyavega@example.org,5438805719,1961-05-09,M,Heatherton,MS,Retail,Inactive,2024-10-31,Retired,105117
Robert,French,tammy00@example.net,939-473-5989x334,1991-08-22,F,East Sydneyhaven,DE,VIP,Active,2024-10-14,Employed Full-time,143552
Billy,Ramirez,david94@example.org,372-702-5909x47985,1980-12-08,M,East Abigail,WY,VIP,Inactive,2025-05-01,Self-employed,99788
Erik,Daniels,odavis@example.org,+1-555-554-3987x80157,1947-11-25,F,Patrickville,MS,VIP,Active,2024-04-10,Self-employed,73493
Amber,Campbell,willie87@example.com,2433581128,1959-07-13,F,Port Gina,MP,Retail,Active,2023-08-17,Self-employed,125785
Jamie,Poole,elucas@example.net,+1-520-675-0110x24819,1972-12-03,F,Hayesfurt,NE,Retail,Inactive,2024-07-12,Employed Full-time,59424
Andre,Nunez,maychristine@example.net,001-301-658-1449,1997-04-05,M,Jamestown,NJ,Premium,Active,2023-11-06,Retired,106806
Amanda,Taylor,irobles@example.com,+1-824-350-8821x0099,1965-12-02,F,Lake Judith,VA,Retail,Inactive,2024-08-24,Employed Full-time,118447
Jason,Whitehead,eugenewalker@example.com,612.390.8781,1962-03-30,F,East Jessicafort,MA,Premium,Inactive,2024-09-13,Self-employed,135626
David,Rios,mitchellchad@example.org,277-759-4929x95562,1961-12-08,F,Lake Jodi,NE,VIP,Inactive,2024-05-11,Employed Full-time,130722
Mary,Taylor,natalie77@example.com,001-347-281-2914x28341,2002-12-31,M,Port Bonniefurt,WI,Premium,Inactive,2025-09-10,Retired,141384
Jason,Johnson,amy87@example.net,001-225-563-9427x88165,2002-11-21,M,Port Willie,NV,VIP,Active,2023-11-11,Employed Full-time,91287
Harold,Fry,jillwebb@example.com,5377314530,1971-08-06,F,Hardinton,AZ,Retail,Inactive,2025-12-10,Self-employed,91087
Mario,Padilla,mary49@example.net,001-826-565-9184,1980-04-28,M,Gomezstad,NM,Retail,Inactive,2025-03-26,Employed Full-time,70282
Paige,Smith,scotthall@example.net,+1-943-922-2591x3651,1977-10-13,F,New Evan,MP,Premium,Inactive,2024-12-06,Employed Full-time,116832
Andrew,Williams,dennishunt@example.net,(202)642-8699,1951-01-08,M,South Catherine,NJ,Premium,Inactive,2025-03-26,Employed Full-time,119264
George,Greer,laurahoover@example.org,+1-484-325-7991x366,1946-04-24,F,New Michele,NY,Premium,Inactive,2026-02-04,Self-employed,77359
Robert,Hernandez,thompsonrachel@example.net,2888117298,1980-09-16,F,Woodton,UT,VIP,Inactive,2025-06-09,Retired,54998
Roy,Mays,yclarke@example.com,001-691-862-4731,1962-09-23,M,North Jenna,WY,Premium,Inactive,2023-03-20,Self-employed,98988
Becky,Wilson,brooksjamie@example.com,(851)526-9448x69594,1973-04-21,F,Whiteside,OH,Premium,Inactive,2025-03-29,Employed Full-time,106463
Jon,Parker,kim62@example.net,237-421-3865,1971-08-31,F,Port Christopherberg,NJ,Premium,Inactive,2025-09-26,Retired,100139
Ryan,Brown,nathanlynch@example.net,(669)584-9027x7038,1947-06-22,M,New Gavin,AZ,Retail,Active,2024-09-17,Self-employed,35080
John,Smith,christopherhill@example.com,(766)793-8011x848,2000-09-05,F,Jeremyborough,NH,Retail,Inactive,2024-11-25,Retired,149915
Bailey,Green,jhunter@example.org,745.918.4894x76973,1991-07-27,M,Mosleytown,NJ,VIP,Inactive,2023-09-05,Self-employed,48743
Jonathan,Reyes,ericahall@example.com,(958)780-4341x65182,1969-03-30,F,New Joseph,WA,Premium,Active,2026-02-02,Self-employed,90669
Sarah,Lee,jimmyallen@example.com,333.939.5211,1986-12-15,M,Port Mercedeston,PR,Premium,Inactive,2025-03-27,Self-employed,42109
Nathan,Stewart,travis84@example.com,792.808.6780,2003-09-26,F,South Tiffany,UT,Retail,Inactive,2025-05-22,Retired,119583
Steve,Norris,craignicolas@example.org,959-842-8434x79552,1959-07-06,M,Haynesstad,MN,VIP,Active,2024-11-20,Employed Full-time,137439
Joshua,White,tiffanyparks@example.org,001-943-486-6322x7026,2005-12-21,M,Kristenport,KS,Retail,Inactive,2025-07-29,Self-employed,55233
Michele,Williams,vaughnbrian@example.com,317.754.5588x4506,2004-03-17,M,New Barbara,SD,VIP,Active,2025-06-22,Retired,113537
Greg,Deleon,mark87@example.net,816.394.7225x699,1950-07-27,F,West Jeremy,MD,Retail,Inactive,2025-12-17,Self-employed,91027
Kelly,Adams,cnelson@example.com,001-498-876-2202x3413,1952-03-12,F,North Sharonfort,OH,VIP,Active,2023-05-31,Retired,146252
Anthony,Sanders,garciachristine@example.org,+1-764-733-4722x8200,2003-12-30,M,Mcdonaldside,KY,Retail,Active,2025-07-08,Self-employed,122579
Sean,Montes,brittanybryant@example.net,+1-796-888-4578x3174,1962-11-12,M,West Alex,NC,VIP,Active,2023-10-06,Retired,122790
Maurice,Harrison,wattstravis@example.com,806-549-3085x3686,1956-04-18,F,Claytonbury,KS,VIP,Inactive,2023-07-10,Employed Full-time,141330
Robert,Allen,justin84@example.com,612.924.1797,1957-12-18,M,Andrewton,ND,VIP,Inactive,2023-04-12,Employed Full-time,149958
Jacob,Garcia,david70@example.org,720-973-5647,1992-08-11,M,West Christopherberg,AR,Retail,Active,2024-04-25,Retired,138963
Kimberly,Jones,qwhite@example.com,3135673037,1977-05-12,F,Maldonadoport,MD,Premium,Active,2023-11-10,Retired,134817
Crystal,Williams,kingdanielle@example.org,(803)513-6502x491,1945-10-16,M,New Kristenfort,UT,Retail,Active,2025-09-20,Self-employed,90291
Eric,Townsend,ericdavis@example.net,500-252-8127x35857,1992-02-02,M,Howardberg,KS,Premium,Active,2023-05-09,Employed Full-time,113540
Todd,Kim,amy73@example.net,(385)457-4982,1975-10-07,F,Loriside,MN,Retail,Active,2025-02-11,Self-employed,55433
Aaron,Little,bgross@example.net,(693)751-8638x782,1973-01-26,M,Danielhaven,TN,Premium,Inactive,2023-06-20,Self-employed,113420
Bradley,Pace,morganharris@example.com,610.296.7899,1970-02-11,F,New Jennifer,AL,VIP,Inactive,2024-01-27,Self-employed,65705
Diana,Hebert,mcdonalddanielle@example.com,+1-665-309-4801,1959-11-17,M,North Jessicaside,MS,Premium,Active,2023-12-28,Employed Full-time,35460
James,Sandoval,angelagrant@example.net,895-776-1228,1989-12-06,F,New Yesenia,NV,VIP,Inactive,2024-09-06,Self-employed,128656
Rachel,Pierce,megan66@example.net,293-698-3684x57760,1985-09-22,F,New Derekport,AL,Retail,Inactive,2024-06-17,Retired,67234
Tracey,Lewis,andrew48@example.net,+1-499-621-0752,1970-03-01,M,East Jonathan,ME,VIP,Inactive,2023-07-29,Employed Full-time,59637
Ashley,Carroll,jessicacummings@example.com,(379)219-4096,2007-12-02,F,Michaelchester,MT,Premium,Active,2023-09-12,Employed Full-time,143742
Molly,Perez,walterscrystal@example.org,980-358-9258x3206,1960-04-18,M,Robertsfurt,FL,Premium,Active,2023-09-30,Employed Full-time,93001
Matthew,Alvarez,kelleyjose@example.com,562.527.8376x93898,1950-01-22,F,Kimberlymouth,TX,VIP,Inactive,2025-08-19,Employed Full-time,116342
Christopher,Powers,mdiaz@example.com,(590)542-5979x270,1991-10-28,F,Ericland,DE,Premium,Active,2023-06-01,Retired,50129
John,Oliver,mistywilkins@example.org,914-477-0538x33884,1992-06-26,F,South Brandyhaven,AZ,Premium,Active,2024-04-08,Employed Full-time,84488
George,Campbell,brian01@example.com,+1-345-410-4636x81579,1958-09-20,M,Castrotown,AZ,Retail,Inactive,2024-03-27,Employed Full-time,79217
Sandra,Torres,klong@example.org,(655)543-8404x608,1955-07-05,M,Pennyberg,CO,VIP,Inactive,2024-10-22,Self-employed,142248
Abigail,Gregory,robertberry@example.com,495-878-2329x8324,2007-01-16,M,Lake Sarah,PW,VIP,Inactive,2023-11-09,Self-employed,107071
Lonnie,Grant,whitemary@example.org,001-205-666-4742x3122,1986-05-25,M,New Jesse,TX,Retail,Active,2023-04-18,Retired,46285
Michael,Watts,manderson@example.com,001-252-667-7223x306,1973-04-17,F,Lake Emily,ID,Retail,Inactive,2024-01-20,Self-employed,124155
Carl,Ho,fcamacho@example.net,273-366-0965x69998,1975-12-01,M,Wilcoxton,FM,VIP,Active,2024-03-24,Retired,90678
April,Foster,grantzachary@example.net,8346764472,1986-11-28,M,Lake Zacharyberg,NH,VIP,Inactive,2025-12-06,Employed Full-time,71954
Shannon,Sharp,whitebrenda@example.net,+1-526-965-7027,1951-04-28,F,Marioburgh,VT,VIP,Active,2023-09-16,Retired,111270
Christopher,Mccarthy,christopher68@example.net,(468)460-2592,1957-05-10,F,South Kylemouth,LA,VIP,Active,2025-11-06,Employed Full-time,138622
Henry,Roach,adamcannon@example.org,877.980.9733x977,1950-08-03,F,East Nicoleview,RI,Premium,Active,2025-11-09,Employed Full-time,146151
Angela,Bryan,lopezbrian@example.com,3208994510,1957-04-25,M,Lake Justin,TN,Retail,Active,2026-02-15,Self-employed,140095
Holly,Armstrong,tammycurry@example.com,3146556168,1977-03-23,M,North Heather,KY,VIP,Active,2024-08-01,Employed Full-time,113513
Alison,Warren,cherylrodriguez@example.net,+1-781-479-4695x4899,1986-12-27,F,Stonefort,NM,VIP,Active,2023-12-13,Self-employed,132652
Nicole,Hall,tiffany01@example.org,513.696.6055x830,1962-07-01,F,West Kevinside,MD,Retail,Active,2023-03-18,Self-employed,92563
Daniel,Cook,nramsey@example.org,(435)957-7027,2005-11-21,M,Stevenchester,WA,Premium,Active,2023-06-04,Self-employed,134515
Mary,Evans,angela03@example.net,+1-455-312-4056x82996,2004-01-08,M,Janetmouth,VT,Retail,Inactive,2023-04-27,Self-employed,81353
Joseph,Miller,nathangallegos@example.com,984.221.5031,1999-07-23,M,Steinberg,ID,VIP,Inactive,2024-08-18,Employed Full-time,109572
Sandra,Oconnor,kimberly21@example.net,+1-923-207-6810x40915,1952-03-14,M,Andrewport,SC,VIP,Inactive,2024-01-28,Self-employed,59873
Manuel,Lee,amanda71@example.com,(524)710-9881,1982-07-27,F,Josephport,OK,Premium,Inactive,2024-03-23,Retired,43598
George,Collins,amber02@example.org,701.660.1662x9979,1967-10-20,M,Lake Katherine,AS,Premium,Active,2025-06-14,Retired,59813
Christian,Livingston,fbradley@example.net,817.447.7332x945,1992-10-17,F,Kristinamouth,NH,Premium,Active,2025-04-04,Employed Full-time,64980
Anthony,Alvarez,timothy24@example.com,+1-992-881-6158x148,1985-05-15,M,Allenbury,OH,Retail,Inactive,2023-11-11,Retired,146364
Terri,Reyes,jared96@example.com,001-958-732-1971,1982-12-16,M,Port Seanport,MO,VIP,Inactive,2023-06-25,Employed Full-time,99197
Carmen,Jennings,pmurphy@example.net,6138290227,1987-01-28,F,Gonzalezmouth,ME,Retail,Active,2025-08-10,Retired,137880
Laura,Frazier,wrobbins@example.org,001-209-286-2405,1993-01-17,F,Danielport,VI,Premium,Inactive,2023-04-26,Self-employed,32483
Joe,Park,tgarrett@example.com,(466)683-2723x8656,2004-07-28,F,East Alexander,SD,Premium,Active,2023-04-02,Retired,90231
Douglas,Dyer,iproctor@example.org,(867)996-9278,1971-05-14,F,Jeremiahchester,PA,Retail,Active,2023-03-20,Employed Full-time,121485
Becky,Bradford,jenniferadams@example.net,001-950-309-7519,1954-11-08,F,Stevenland,NC,Retail,Inactive,2025-10-11,Retired,31138
Christopher,Kennedy,suttonamber@example.net,790-658-0778x7956,1964-11-12,F,North Heather,PA,Premium,Active,2024-06-23,Retired,144949
Jessica,Elliott,sotobelinda@example.net,3496047128,1962-05-03,F,New Juan,PR,Premium,Active,2024-04-11,Employed Full-time,37543
Alexis,Rodriguez,reneestevenson@example.net,452.943.7280x512,1996-05-29,F,Townsendbury,TN,Premium,Active,2025-01-20,Retired,60566
Jessica,Jackson,brian41@example.org,(876)974-7836,1963-01-21,F,New Monica,AL,Retail,Active,2024-05-30,Self-employed,106022
Sara,Cole,suzanne01@example.net,+1-556-594-5441x4967,1980-07-26,M,Ericaburgh,MD,VIP,Inactive,2025-07-06,Employed Full-time,45798
Alex,Smith,smithconnor@example.org,+1-375-334-4300x91093,1951-01-24,F,South Diana,MH,Retail,Active,2025-12-09,Retired,32583
Ashlee,Coffey,dominguezjon@example.com,+1-217-646-5421x40665,2000-06-30,F,Gregoryland,NM,Retail,Active,2024-01-14,Retired,130596
Chelsey,White,irodriguez@example.com,691.974.1011,1946-06-18,F,Hernandeztown,AZ,Retail,Active,2026-01-04,Retired,92783
Peter,Hernandez,rebecca90@example.net,001-777-766-1830x671,1991-08-02,F,Richardland,MN,Retail,Inactive,2025-06-16,Self-employed,137470
Melissa,Peterson,shodges@example.net,728.906.3461,1950-12-17,F,Mossberg,AZ,Retail,Inactive,2024-01-02,Self-employed,126183
Anthony,Davies,tracybrown@example.net,+1-547-987-0050x5061,1991-04-30,F,Lake Beth,CA,Retail,Inactive,2023-05-05,Self-employed,103259
Jill,Burns,ruizsamantha@example.org,420.320.4179,2000-11-01,M,North Tylerbury,CA,VIP,Inactive,2024-01-17,Employed Full-time,102401
Ronald,Cain,rnguyen@example.net,+1-325-630-9251,1954-10-18,M,Jacksonstad,OH,Retail,Active,2023-11-20,Employed Full-time,141096
Samuel,Frost,andersonkylie@example.net,+1-862-907-1002x194,1992-04-19,M,East Douglas,KY,Retail,Inactive,2025-05-29,Employed Full-time,36769
Shannon,Allen,cheryljohnson@example.org,001-379-714-5608x331,2003-11-23,F,South Kaylee,TN,Premium,Inactive,2024-01-26,Employed Full-time,110880
Joshua,Lee,ginaschmitt@example.com,222.300.5436x4597,1995-07-28,F,New Gregorytown,NM,Premium,Inactive,2025-05-16,Self-employed,86863
Darren,Jacobson,uwatkins@example.com,553.815.3136,2005-11-04,M,North Thomas,NM,Retail,Active,2023-06-01,Retired,67206
Pamela,Thomas,xthompson@example.org,335.943.5209x042,1976-05-23,M,Jacksonmouth,IN,VIP,Inactive,2024-06-09,Retired,54860
Cassandra,Clarke,belindatran@example.org,268-873-9774,1995-04-13,F,East Mark,OR,VIP,Inactive,2024-02-17,Retired,120538
Patricia,Vargas,robinvillanueva@example.com,3079806867,1978-11-21,F,North Angela,AL,Premium,Active,2026-02-17,Employed Full-time,144956
Jessica,Dodson,michaelallen@example.org,9744279907,2004-09-03,M,Lopezstad,SC,Premium,Active,2025-02-27,Self-employed,77328
Jane,Smith,cruzhannah@example.net,7462498931,1980-03-18,F,Pamelaville,MS,Retail,Inactive,2024-09-26,Self-employed,56336
Steven,Williams,gregory81@example.net,001-732-653-8179x335,1979-06-15,F,Ramirezland,MN,Retail,Active,2024-08-26,Retired,93753
Shaun,Mason,harrisonamanda@example.net,379-451-3711x6241,1963-12-18,M,Lake Earlberg,VI,VIP,Active,2024-01-20,Retired,60608
Abigail,Burton,robert82@example.com,(767)704-3103x856,1978-04-08,F,Ellisshire,DC,VIP,Inactive,2024-06-27,Retired,100239
George,Green,swatson@example.org,(454)472-9284,2002-04-20,M,East John,AZ,VIP,Active,2024-07-12,Employed Full-time,94197
Autumn,Alexander,jack80@example.net,952-757-8284x10672,1955-10-21,M,Lake Amyhaven,MA,Retail,Inactive,2025-12-08,Self-employed,37092
Janice,Wells,tara92@example.net,001-575-917-0281x4069,1969-07-04,M,West Brianborough,OR,VIP,Inactive,2025-06-03,Self-employed,117610
Jeffrey,Walls,james18@example.com,+1-818-763-7599x80562,1971-06-17,F,Alexanderstad,MI,Retail,Active,2024-06-29,Employed Full-time,106464
Tiffany,Sawyer,lewispamela@example.net,(774)326-6299x12347,1985-05-19,M,Davischester,SC,Premium,Inactive,2024-05-06,Retired,59439
Robert,Peters,jamescollier@example.com,+1-570-249-4787,1999-01-10,M,East Josefort,DE,Premium,Active,2025-12-18,Employed Full-time,124764
Elizabeth,Roberts,traviswatts@example.org,8146719597,1987-12-02,M,Mccannville,MN,Premium,Active,2025-05-13,Employed Full-time,57175
Jessica,Smith,francisco02@example.com,325.520.4565x044,1997-05-05,F,Port Cody,WV,Retail,Inactive,2023-11-23,Retired,73684
Amy,Brennan,joseph51@example.net,001-852-702-8457,2007-11-08,M,North Jeffery,NY,VIP,Inactive,2024-02-15,Employed Full-time,36024
Marie,Pope,butlersabrina@example.org,(707)454-5279,1993-06-29,M,Anthonyville,IN,VIP,Inactive,2023-09-24,Employed Full-time,143127
Melissa,Thomas,kyleclark@example.org,(311)607-6031x08907,1948-02-17,M,West Elizabethville,WY,Premium,Active,2023-09-17,Employed Full-time,80186
Samantha,Harris,jackbell@example.org,(349)355-2893,2000-12-15,M,New Jayborough,LA,Retail,Inactive,2023-11-30,Employed Full-time,71449
Rachel,Medina,glasssamantha@example.net,859.327.1256x6383,1996-12-30,F,Davidville,NC,Premium,Active,2023-10-06,Self-employed,143343
Tyler,Ward,angela01@example.com,516.347.9473x8646,2006-01-27,M,Crosbystad,HI,Premium,Active,2023-03-28,Self-employed,143042
Yolanda,Vasquez,sandersalexandra@example.net,712-566-9121,1968-03-24,M,New Megan,MO,Premium,Active,2023-09-15,Retired,122037
Jesse,Coleman,tramirez@example.net,001-646-457-9678,1997-06-12,F,Rodriguezview,NM,Premium,Active,2025-04-19,Employed Full-time,121223
Jerry,Dunlap,garciabrian@example.org,902.969.5249x9118,1958-12-05,F,Ebonyfort,NY,Retail,Inactive,2024-04-18,Self-employed,82389
Amy,Pacheco,cisnerosanthony@example.com,467-656-7700,2005-05-22,M,South Ryan,ME,VIP,Active,2024-11-02,Employed Full-time,114710
Tony,Rodriguez,rkeller@example.net,001-977-882-8064,1987-03-03,M,Katieport,MD,Premium,Inactive,2023-06-12,Retired,114688
Anthony,Williams,michael90@example.net,361-365-5650x33349,2004-04-25,M,Dannyburgh,AK,Premium,Active,2025-06-22,Retired,85382
Mark,Murray,abradley@example.com,3799056965,1951-12-29,M,West Tyler,AS,Premium,Inactive,2026-01-08,Self-employed,137002
Matthew,Mendez,tara37@example.net,583-344-0496,1994-01-09,F,New Matthewland,OK,VIP,Active,2025-06-10,Retired,141939
Thomas,Clark,pearsonkevin@example.com,(485)936-6498x78208,1959-09-04,F,Adamsside,AS,Retail,Inactive,2025-10-18,Retired,149969
Melissa,Meadows,boydmichael@example.org,624.666.5136,1989-02-23,M,West Gloria,IA,VIP,Inactive,2024-11-28,Self-employed,111492
John,Hernandez,sanchezmargaret@example.com,486.260.3242x0448,1994-05-08,F,Caseyton,VI,Retail,Inactive,2023-07-17,Retired,68487
Lee,Evans,lesterrichard@example.com,+1-316-523-1981x89847,1986-01-01,F,Port Lindsaymouth,MP,Premium,Active,2025-09-01,Self-employed,87313
Jo,Shaffer,selenarobinson@example.org,(734)376-4907,1966-09-21,M,Wellsbury,KY,Retail,Active,2023-10-20,Employed Full-time,90319
Michael,Baldwin,andrew90@example.net,+1-803-648-6451x83760,1965-08-29,M,Port Katherineport,IL,VIP,Active,2023-11-12,Employed Full-time,130987
Ruth,Welch,rmccormick@example.org,001-777-965-6124x81569,1992-06-29,M,Port Brettburgh,SC,VIP,Active,2025-01-25,Self-employed,107077
Krystal,Taylor,tgonzalez@example.com,001-711-923-8296,1977-09-26,F,West Glenn,OR,Premium,Active,2024-07-29,Self-employed,68141
Lauren,Gonzalez,zrichardson@example.com,001-530-608-9317,1992-11-26,M,North Richard,NE,Premium,Inactive,2025-09-26,Self-employed,40188
Jorge,Davis,george91@example.org,001-886-477-1333x447,1974-07-15,M,New Jason,GU,Retail,Inactive,2024-05-21,Employed Full-time,113622
Jessica,Lopez,rickythomas@example.com,739-873-5971x072,1991-12-04,F,Lake Patrick,NE,Premium,Active,2025-09-21,Retired,123545
Jonathan,Davis,williamssarah@example.com,(499)200-4896x465,1984-09-08,M,West Geoffrey,NM,Retail,Inactive,2024-08-16,Employed Full-time,62675
Natalie,Anderson,jennifer62@example.com,650-627-4564,1980-05-13,M,Ryanburgh,MD,Retail,Active,2025-04-10,Retired,111442
Kathryn,Hernandez,jbrown@example.org,920.274.2761,1975-03-26,F,Vanessaside,NM,VIP,Inactive,2025-02-17,Retired,122096
Trevor,Singleton,daviddavis@example.com,(428)849-9390,2007-10-26,M,East Kaylaville,FM,Retail,Inactive,2024-07-31,Self-employed,70455
Anthony,Maldonado,longbrittany@example.org,720-417-7749x05097,1959-07-27,M,Port Dawnmouth,AS,Retail,Active,2023-06-03,Employed Full-time,35641
Julia,Payne,qdavis@example.org,461.303.2664,1965-07-02,F,Owenport,MH,Premium,Active,2026-02-05,Self-employed,131379
Carrie,Howard,collierwilliam@example.com,867.849.9616x592,1951-07-06,M,New Matthewmouth,TX,Retail,Inactive,2024-02-20,Retired,48937
Deborah,Reeves,prose@example.net,647-561-7422,1980-10-12,F,Phillipston,OH,VIP,Active,2023-07-05,Retired,70257
Samantha,Palmer,dgutierrez@example.net,001-894-254-9180x1722,1950-11-08,M,Mcdowellport,MD,VIP,Inactive,2025-09-06,Retired,129286
Jennifer,Todd,qhanson@example.com,(232)219-4168,1972-01-23,M,North Georgefort,NH,VIP,Active,2026-02-15,Self-employed,126020
Richard,Sandoval,nturner@example.com,001-564-912-2031x030,1989-04-28,M,Lake John,MP,Premium,Active,2025-11-05,Self-employed,108803
Michele,Ryan,turnersteven@example.com,(801)222-7770x79334,1967-11-26,M,North Crystalchester,MT,Premium,Inactive,2025-04-17,Employed Full-time,93214
Jillian,Larson,benjamin67@example.net,001-797-330-8069,1963-05-31,M,Smallville,NM,Premium,Active,2025-10-31,Retired,136688
Sheila,Reed,ssmith@example.net,975.473.8395,2005-04-14,M,Jenniferfurt,MT,VIP,Active,2026-01-17,Self-employed,99985
Denise,Ward,kmarsh@example.net,941.372.2329,1999-03-08,F,Hahnfort,ME,VIP,Inactive,2024-03-07,Self-employed,67342
Jason,Williams,howardjose@example.net,(528)301-5619,1983-06-06,M,South Jonathan,MA,Premium,Inactive,2024-09-10,Employed Full-time,37230
Kayla,Carrillo,paula89@example.net,207-371-1991,1956-07-20,F,Port Jamiestad,GA,VIP,Active,2024-06-04,Self-employed,87505
Jean,Gill,goconnor@example.org,+1-455-321-3760x3754,1963-04-15,M,Jenniferchester,MN,VIP,Inactive,2025-11-10,Retired,54865
Elizabeth,Hernandez,icobb@example.com,(867)485-0720x81155,1974-09-21,M,South Katherineberg,MH,VIP,Active,2025-08-17,Employed Full-time,96918
Brian,Welch,robert84@example.net,001-955-704-8926x7389,2005-08-04,F,Roweport,CO,Premium,Active,2023-05-05,Self-employed,88529
Amanda,Price,abigailfernandez@example.org,688-548-5200,2001-10-26,F,Jessicahaven,DE,Premium,Inactive,2023-06-10,Self-employed,50325
Mckenzie,Green,david17@example.com,001-507-753-9989,1965-07-18,F,Elizabethshire,TX,Premium,Inactive,2023-10-12,Self-employed,38605
Jennifer,Stone,danielblack@example.org,001-957-312-6611x06273,1970-04-25,M,Chapmanhaven,WI,Retail,Inactive,2024-11-11,Employed Full-time,126350
Monica,Silva,sbarajas@example.com,001-962-928-2772x8813,1947-05-28,M,New Mike,DE,VIP,Inactive,2025-09-28,Employed Full-time,130432
Melissa,Rodriguez,ashley08@example.org,454-854-4702,1948-06-30,F,Pamelaborough,HI,Premium,Inactive,2025-04-06,Employed Full-time,128063
Aaron,Kelley,harrellrobert@example.net,497-756-7922x8777,1951-04-06,F,Hughesfurt,MA,Premium,Active,2025-06-26,Retired,71416
Brandon,Santiago,pfitzgerald@example.org,(209)548-1813,1996-04-05,M,Shawtown,DE,Retail,Active,2025-12-25,Retired,42400
Sharon,White,hilljamie@example.net,001-971-289-5690,1968-04-26,M,Whitetown,VI,VIP,Active,2025-06-06,Employed Full-time,102129
Logan,Scott,pettyamber@example.com,(724)412-4620,1947-01-13,M,West Petermouth,FL,Retail,Active,2024-12-09,Retired,76631
Patricia,Scott,williamsjohn@example.net,001-737-988-6140,1982-10-28,F,Jonestown,MT,Retail,Inactive,2025-11-17,Self-employed,78293
Jesus,Mercado,angela91@example.org,001-582-849-6718x32582,2007-03-19,F,Williamsmouth,MP,VIP,Inactive,2025-10-28,Employed Full-time,45871
Keith,Stanton,brownsandra@example.com,+1-346-653-9840x289,1951-04-16,M,Haleberg,VA,Retail,Inactive,2025-07-20,Employed Full-time,72310
Yolanda,Johns,cherylbernard@example.com,+1-254-974-3553x79502,1945-06-23,M,Lake Glennside,MH,Premium,Active,2026-02-22,Employed Full-time,129337
Jacqueline,Farmer,cobbdebra@example.org,+1-407-215-6956,1953-09-04,M,Woodborough,NV,Retail,Active,2023-03-23,Self-employed,78245
Jeffrey,Smith,erin53@example.org,+1-543-837-5047x930,1952-09-25,F,Ashleyfort,GA,VIP,Active,2025-07-13,Retired,93783
James,Rodgers,cameronanderson@example.org,(649)938-4308,1945-04-26,F,Davidsonton,PR,Premium,Active,2024-07-22,Employed Full-time,107836
Ryan,Carney,david87@example.com,(580)730-4687x506,1950-10-02,F,Lake Jeremiahchester,CA,Retail,Inactive,2024-03-31,Employed Full-time,39190
James,Murphy,garrettcolin@example.com,(309)954-3173x50583,1997-03-07,M,Lake Seanville,CO,Premium,Active,2023-06-11,Employed Full-time,36853
Sabrina,Bennett,pattonbryan@example.com,6498611080,1972-07-08,M,New Karenbury,VI,VIP,Active,2025-09-25,Retired,102465
Kristin,Hanson,yreyes@example.com,+1-291-350-7859x311,1985-07-13,F,New David,NY,Retail,Inactive,2024-04-10,Employed Full-time,143020
Michael,Olson,ilopez@example.org,4244968549,1977-02-19,F,Carrieport,MN,Retail,Active,2023-03-21,Retired,73791
Zachary,Sandoval,brianhunter@example.net,9659333153,1985-12-31,M,Melissashire,MA,Retail,Active,2025-10-21,Retired,109654
Kevin,Murphy,gibsonkristina@example.org,830.433.7933x7563,2001-05-26,M,West Alejandrostad,AK,Retail,Active,2025-07-17,Retired,145253
Darius,Roberts,crystaldurham@example.com,7035342342,1957-05-02,F,North Gregory,KS,Retail,Active,2023-08-13,Self-employed,100694
Andrew,Byrd,hpena@example.com,847.335.5289,1953-04-01,F,East Laura,ID,Premium,Inactive,2025-06-13,Retired,122467
Nicholas,Brooks,prowland@example.org,001-999-538-4253x04289,1994-09-05,M,Port Thomasland,GA,Retail,Inactive,2025-05-07,Employed Full-time,121020
Paul,Khan,victor72@example.com,001-558-577-7496x903,1975-12-13,M,South Jeffery,NE,Retail,Inactive,2024-10-14,Self-employed,86940
Ashley,Walls,jonathan12@example.org,978-853-9078x9567,1973-01-05,M,Lindamouth,KY,Retail,Active,2024-10-22,Employed Full-time,77740
Angel,Alexander,deanna51@example.com,588.714.3111x50835,1962-03-14,F,Julieview,ID,Premium,Inactive,2025-10-02,Retired,48464
Whitney,Murillo,alan44@example.com,(969)907-8263x3373,1968-05-14,F,West Meganchester,WI,VIP,Inactive,2026-02-25,Retired,40036
Robert,Gonzales,brooksbarbara@example.org,207-255-3666x8459,2007-12-09,M,East Tiffany,MA,Premium,Inactive,2025-08-07,Employed Full-time,81506
Crystal,Morrison,nbaird@example.com,686-337-1597,1956-11-06,M,Lake Angelaton,GU,VIP,Inactive,2026-02-11,Self-employed,42496
Carrie,Johnson,chadmccarty@example.com,234.481.7058,1967-06-03,F,Myersville,DC,Premium,Active,2025-06-19,Retired,94537
Robert,Paul,nfriedman@example.org,546.972.9949,1963-12-06,M,North Vickie,NV,Premium,Inactive,2023-06-16,Retired,54426
Makayla,Jacobs,aliciakent@example.com,879.501.4754x692,1957-05-28,M,Ellisburgh,UT,Premium,Inactive,2025-08-08,Retired,119307
Cody,Hale,allenmonica@example.com,+1-784-813-7681x5118,1975-11-15,F,West Jared,AZ,VIP,Inactive,2025-02-23,Retired,66615
Anthony,Fowler,vjames@example.com,960.904.1257,1949-10-30,F,New Dianemouth,DC,Retail,Inactive,2025-03-09,Retired,143376
Lori,Skinner,marylawson@example.org,218-562-1042x7523,1975-04-08,M,Port Cynthiahaven,SD,VIP,Active,2026-01-01,Employed Full-time,99984
Jennifer,Prince,cvaughn@example.org,+1-200-263-3533x106,1968-02-16,M,Lake Elizabeth,IN,VIP,Inactive,2023-08-06,Retired,81426
Laura,Rivas,jenniferwilliams@example.net,855-383-9386,1960-12-31,M,North Michael,HI,VIP,Active,2023-04-01,Employed Full-time,65369
Richard,Stewart,olewis@example.org,+1-449-650-1364x97189,1951-08-19,F,Tinafurt,TX,Retail,Inactive,2026-02-18,Self-employed,55170
Dean,Thompson,tiffany71@example.com,2995768389,1946-08-18,F,West Joelchester,WV,Premium,Active,2024-03-21,Retired,126375
Christine,Brown,victor32@example.com,203.897.5245,1989-04-14,F,Karenbury,PR,Retail,Active,2024-08-04,Retired,110062
Matthew,Harris,knoxelizabeth@example.org,+1-439-568-5270x17130,1953-09-23,F,East Brittanyborough,IA,VIP,Inactive,2025-05-05,Employed Full-time,96606
Christian,Hardy,frank33@example.com,(993)344-9734,1969-08-27,F,Grayfort,NV,Premium,Inactive,2024-12-24,Retired,75188
William,Moss,lorileon@example.org,001-966-614-9828x24674,1970-09-18,M,Jonesberg,VT,VIP,Active,2025-03-06,Retired,99772
James,Hendricks,smithvincent@example.net,(276)366-5674x916,1971-05-16,F,East Kathryn,KS,VIP,Active,2024-08-31,Self-employed,31648
William,Burns,heather66@example.net,937.405.0249,1962-06-28,F,New Beth,TN,Retail,Active,2023-11-14,Retired,59709
Alexander,Wise,lsanders@example.org,336.726.4488x69461,2000-08-04,F,West Kaitlyn,WA,Premium,Active,2024-11-16,Employed Full-time,86593
Holly,Smith,lisasmith@example.org,001-368-964-6225x22372,1983-10-11,F,East James,WA,VIP,Active,2023-12-17,Retired,75175
Lisa,Lee,nalexander@example.org,+1-921-941-6141x5093,1990-12-20,M,North Brucetown,TN,Retail,Active,2025-08-29,Employed Full-time,119063
Kristina,Williams,alexasmith@example.net,847.275.9655x55356,1969-05-31,F,Lindatown,NH,Retail,Active,2026-02-25,Employed Full-time,36510
Richard,Houston,anthonymartinez@example.net,735-279-7863x050,2000-02-20,M,Ericabury,PA,Premium,Inactive,2025-03-30,Employed Full-time,48840
Ricardo,Salazar,baileysheila@example.com,+1-616-949-3289x80271,1956-08-14,M,Friedmanfort,TN,Retail,Active,2025-06-25,Self-employed,68560
John,Lewis,garciavictoria@example.org,(956)343-4712,1999-04-28,M,Monicashire,WI,Retail,Active,2025-09-27,Employed Full-time,80402
Calvin,Cooper,yvaldez@example.net,(733)441-4111x59319,2003-04-03,F,Stephanieshire,WA,Retail,Active,2023-03-11,Employed Full-time,51688
Lance,Lawrence,melaniewhitney@example.com,001-652-589-9316x08752,1979-03-14,F,Hernandezport,FL,Retail,Active,2026-01-05,Employed Full-time,134757
Melinda,Carey,georgekyle@example.net,749-473-7460,2001-07-10,F,Port Jessica,AS,Premium,Active,2024-02-21,Employed Full-time,106455
Isabella,Williams,melissaluna@example.com,+1-620-586-5675x66184,1992-11-23,M,Davismouth,WV,Premium,Active,2025-08-26,Retired,40399
Michelle,Brown,stephen29@example.org,874.823.3305x912,1991-06-03,M,North Cody,NJ,VIP,Inactive,2023-12-13,Employed Full-time,135976
Sierra,Wilson,brittney26@example.org,3139674926,2004-01-16,F,Hillmouth,MN,Retail,Active,2023-03-27,Self-employed,83185
David,Miller,gmay@example.org,8999974192,1989-01-18,F,Evansberg,CT,Retail,Active,2024-07-26,Retired,141638
Bryan,Stout,richardhaynes@example.com,+1-588-371-8981,1957-06-24,M,North Angela,AS,VIP,Active,2024-07-09,Employed Full-time,41920
David,Anderson,denisemiller@example.com,001-601-918-4582x60340,1954-09-14,M,Nealhaven,PW,VIP,Inactive,2024-09-05,Self-employed,44438
Catherine,Dixon,batesbradley@example.org,724.632.9839,1953-12-05,F,Jonesview,KS,VIP,Inactive,2024-10-22,Self-employed,140574
Debra,Martin,qmiller@example.net,(728)831-4359x89262,1970-12-21,M,New Johnview,DE,Premium,Active,2025-06-11,Self-employed,102234
Daniel,Kelley,murphychristopher@example.com,001-642-934-0163x61128,1951-09-08,M,Jackieport,OH,Premium,Inactive,2024-05-03,Retired,129833
Catherine,Mosley,louiswalton@example.org,(488)496-7924x082,1970-12-18,M,Brianstad,VT,Retail,Active,2024-03-29,Retired,82243
Erika,Barnes,wwhite@example.com,544.368.3414x65111,1956-06-02,M,North Juliaside,NM,Premium,Active,2023-03-25,Retired,90505
Suzanne,Coleman,timothyrobertson@example.net,+1-716-509-3068,1995-06-22,M,New Shaneburgh,TX,VIP,Inactive,2025-05-30,Employed Full-time,36413
Rebecca,Thompson,mary85@example.org,(676)525-1538x14474,1945-05-03,F,Robinsonport,SD,Retail,Inactive,2025-05-17,Self-employed,51330
Margaret,Johnson,fstafford@example.org,(709)275-4510x526,1952-01-30,M,Vasquezland,NC,Premium,Active,2025-05-15,Retired,113681
Rachel,Jenkins,xsmith@example.net,937-965-4562x841,1956-03-13,F,West Julie,AL,Premium,Active,2024-09-17,Retired,61790
Nicole,Fletcher,lopezbilly@example.com,(850)823-7416x78725,1954-02-16,M,North Lauraberg,FL,Retail,Active,2024-08-24,Retired,102781
Vincent,Saunders,brettgallegos@example.com,+1-406-574-4716x392,1964-04-25,M,Port Josephbury,TN,Retail,Inactive,2025-01-03,Retired,93060
James,Mccarthy,hayneswayne@example.org,592.431.2604,1974-03-12,F,New Jameston,MS,Retail,Inactive,2024-11-30,Retired,146061
Alicia,Graves,jeffreysimmons@example.org,260.241.4545x63502,1948-09-24,F,Jasonfort,KY,Premium,Inactive,2025-10-06,Retired,96635
Craig,Lopez,tcox@example.org,708-525-5598,1989-06-08,M,Jasonfurt,CO,VIP,Active,2023-08-21,Retired,62320
David,Newton,williamstanya@example.net,937.511.8954,1981-06-29,M,North David,MT,Retail,Inactive,2025-07-11,Employed Full-time,63107
Jennifer,Snow,patricia71@example.com,476-688-0294,1948-04-11,M,Port Teresaborough,WA,Retail,Active,2024-11-15,Retired,74493
Troy,Patel,martinkaren@example.com,+1-566-294-3202,2005-01-04,M,Gordonhaven,KS,Retail,Inactive,2024-06-22,Employed Full-time,109969
Melissa,Phillips,andrea23@example.org,+1-534-502-4240,1981-07-25,M,North Deborahstad,MD,VIP,Inactive,2023-07-16,Self-employed,115187
Stacey,Henson,jennifer69@example.com,500-953-4240x89164,1960-03-14,F,Josephshire,SC,VIP,Active,2024-11-12,Retired,30037
Eric,Hall,erichardson@example.org,427.822.3972x4042,1991-12-17,M,North Douglas,NE,Premium,Active,2024-03-23,Employed Full-time,96774
Spencer,Brewer,hgarcia@example.org,001-609-416-6010x0231,1987-11-17,F,Port Tammyville,ND,VIP,Inactive,2024-08-15,Self-employed,36771
Melissa,Miller,timothyhart@example.com,(345)272-3084,2001-04-27,M,North Amyville,NY,VIP,Inactive,2024-12-13,Retired,72653
Donald,Barr,perezpaul@example.com,+1-743-361-7213x1451,1969-09-19,F,North Cassandraburgh,NE,VIP,Active,2025-06-10,Employed Full-time,77701
Matthew,White,qhernandez@example.net,794-451-4754x1022,1971-10-07,M,Griffithfort,GU,Premium,Inactive,2023-06-21,Retired,116677
Daniel,Simmons,duane52@example.org,001-965-957-6769x52366,1981-06-02,F,South Christopher,VT,VIP,Inactive,2024-12-23,Employed Full-time,48798
Alison,Frank,jacquelineyoung@example.org,705.487.2105,1965-03-28,F,Thomasside,PW,Retail,Inactive,2024-12-22,Employed Full-time,128769
John,Carey,burgessdavid@example.net,001-426-206-5019x179,1955-03-07,M,Donaldbury,CA,VIP,Inactive,2023-03-28,Employed Full-time,50128
Ashley,Cervantes,kathyharrison@example.org,001-484-476-5704x1200,1945-12-04,F,Wallmouth,OH,VIP,Active,2024-04-12,Retired,106077
Samantha,Shaw,rodneymoore@example.org,962.736.9036x28917,1989-08-07,M,Wilcoxburgh,AR,Premium,Active,2024-10-06,Retired,81038
Deborah,Lee,garciamichael@example.com,2346281139,1957-12-17,M,Lake Sarah,IA,VIP,Active,2024-04-30,Self-employed,67128
Christopher,Hudson,elliottkristy@example.org,5517405468,1996-05-07,M,Swansonberg,UT,VIP,Active,2026-01-20,Employed Full-time,136815
Connor,Russell,shawkimberly@example.org,001-367-390-4227,1994-01-28,F,East Lindsey,SD,Premium,Active,2023-10-13,Self-employed,71922
Kayla,Martin,seth25@example.com,(996)306-3399x129,1999-12-12,M,East Katieport,OH,VIP,Active,2023-07-22,Employed Full-time,137513
Victor,Gibson,sarahmartin@example.com,001-655-911-2747,1989-06-09,F,North Teresa,NM,VIP,Inactive,2023-05-09,Self-employed,135132
Michael,Mitchell,rvincent@example.org,258.595.5168x740,1992-10-20,F,East Melissaport,MS,Retail,Active,2023-11-09,Retired,100737
Ashley,Nash,paulford@example.org,(877)787-1121x663,1949-07-28,M,Matthewfort,IL,Retail,Inactive,2026-03-03,Self-employed,125070
Judith,Wilson,jjohnson@example.com,(835)990-9605,1959-09-16,F,East Mirandachester,KY,VIP,Inactive,2024-04-03,Employed Full-time,49733
Cynthia,Miller,hillchristopher@example.net,568.734.2016x542,1973-09-14,F,Alvarezburgh,UT,VIP,Active,2025-01-15,Employed Full-time,144093
Michael,Schwartz,jmorrow@example.net,919.492.5502,1979-03-04,F,Danielchester,KS,VIP,Inactive,2025-05-25,Retired,55095
Jennifer,Mcneil,cynthiafowler@example.net,503-736-8296,1959-06-17,F,Lake Barbara,AL,Retail,Active,2024-10-04,Self-employed,131216
Lisa,Smith,wayne17@example.net,866.755.8685x127,1957-03-22,M,New Ryan,LA,Premium,Active,2025-12-27,Retired,89172
Haley,Kim,jacqueline11@example.org,909-261-7981,1990-08-16,M,Melissaborough,IN,VIP,Active,2025-02-12,Retired,149863
Andrea,Wilson,wsampson@example.com,(260)253-8444x46306,1946-12-21,M,Port Nicholas,GU,Premium,Active,2025-05-23,Retired,114074
Lori,Greene,george96@example.org,+1-863-496-0962,1972-08-13,F,Zacharychester,IN,VIP,Active,2023-08-10,Self-employed,131559
Jennifer,Martinez,welchkristen@example.net,282-353-1106x092,1984-02-05,M,Johnsonberg,NH,Retail,Active,2025-11-18,Retired,52734
Crystal,Howard,denisewalker@example.org,+1-336-340-4120,1976-06-05,F,North Donaldview,MH,Premium,Active,2023-12-14,Self-employed,33852
Christopher,Snyder,roberta36@example.org,606.217.1366x5722,2006-09-05,M,Lake Ashley,PA,VIP,Inactive,2023-04-26,Employed Full-time,67806
David,Cooper,timothy99@example.net,2284413908,1959-11-27,M,Dannyborough,AK,Retail,Inactive,2024-07-29,Retired,139861
Dillon,Miller,josepholson@example.org,(684)877-6863x423,1952-03-09,F,Gabrielborough,VA,VIP,Active,2025-04-04,Employed Full-time,143438
Ryan,Griffin,lisa91@example.net,(863)695-5172x0849,1986-04-12,M,Raymondville,HI,Retail,Active,2024-07-22,Self-employed,138946
Ruben,Lopez,charlessandoval@example.com,(751)505-0537,1983-05-28,M,South Justinborough,NC,VIP,Active,2024-02-09,Employed Full-time,107951
Dakota,Ramirez,berrydebbie@example.net,001-965-453-3077x04611,1986-02-10,M,Brittanybury,OK,Premium,Inactive,2023-04-11,Employed Full-time,120484
Justin,Schneider,buckjustin@example.com,8886050171,1963-11-17,F,Karenfurt,CO,VIP,Inactive,2025-07-20,Self-employed,66154
Kim,Snyder,longheather@example.com,515.491.0300x2156,1951-03-05,F,Lake Rachel,MN,VIP,Inactive,2025-06-21,Self-employed,136361
Veronica,Villa,greenkristen@example.org,4419459642,1953-05-06,M,West Michelle,WV,Retail,Active,2025-09-01,Employed Full-time,124300
Pamela,Church,qwalsh@example.org,783.597.7457x31441,1990-01-23,F,Lake Christian,NM,Retail,Inactive,2023-06-10,Retired,38430
Jason,Santiago,mcardenas@example.com,453-398-8547,2007-05-23,F,East Sabrina,MS,Premium,Active,2025-02-08,Retired,80041
Miranda,Palmer,rlopez@example.com,(249)912-7113,1957-11-29,M,Anthonyhaven,NV,Retail,Active,2024-09-05,Self-employed,36689
Joseph,Mcintosh,gomezjason@example.com,568.850.7451x06634,1957-03-16,F,Alyssafort,NC,Retail,Inactive,2025-01-10,Employed Full-time,120100
Daniel,Williams,susanrobinson@example.org,8948318143,1971-12-03,F,East Jessicaview,NM,Retail,Active,2024-01-22,Retired,111115
George,Harris,janice40@example.org,(489)474-3251,1967-10-15,M,Thomastown,TN,Premium,Active,2025-03-15,Self-employed,41573
Ronnie,Smith,nicole20@example.net,(579)407-3710x094,1996-07-24,M,Port Clifford,ME,VIP,Active,2024-08-11,Employed Full-time,87618
Shaun,Navarro,elizabeth45@example.com,2544589714,1973-02-08,M,Lake Virginia,MI,Retail,Active,2025-04-20,Employed Full-time,116818
Anthony,Lane,vhoward@example.org,761.748.7824,1971-10-18,M,Landryview,ME,VIP,Active,2023-12-30,Retired,97280
Blake,Meyer,mary16@example.com,001-654-410-7272,1965-11-06,F,Robertsport,AL,Retail,Inactive,2025-02-11,Self-employed,112969
Blake,Campbell,brownkevin@example.com,(400)542-5488x214,1974-08-02,F,West Jefferyfort,MI,VIP,Inactive,2024-03-29,Self-employed,107695
Lisa,Walsh,gross@example.com,594-629-6592x3426,1965-12-09,F,West Ashleymouth,ND,Retail,Active,2023-12-18,Retired,82029
Nicholas,Liu,hdavis@example.com,001-258-857-5676x670,1951-03-15,M,New Rebecca,WY,VIP,Inactive,2024-03-19,Retired,33188
Betty,Watson,brian62@example.com,+1-907-787-0104x15914,2004-01-01,F,North Joyhaven,WA,Premium,Active,2023-05-30,Self-employed,62732
Jacqueline,Black,rtaylor@example.net,(244)407-9311,1986-04-10,F,New Collinborough,CT,Retail,Active,2025-03-13,Employed Full-time,112858
Angel,Wagner,hbrown@example.com,(472)438-4979x1620,2000-11-20,F,East William,UT,Premium,Active,2025-07-05,Employed Full-time,122298
James,Castillo,elizabeth97@example.com,+1-846-261-7662x04719,1984-09-09,F,Austinmouth,AZ,Retail,Active,2024-09-10,Retired,149251
Sydney,Mcdonald,khill@example.com,483.658.6812x25957,1998-08-08,F,Sandraland,PW,Premium,Inactive,2025-12-05,Self-employed,116497
Timothy,Estes,barbarapennington@example.net,542.359.9599x61002,1990-06-16,F,South Sarahfort,MD,Premium,Active,2024-03-02,Self-employed,110629
Tina,Stokes,danielgilmore@example.net,(461)709-4101x7590,1952-07-05,F,Grayshire,OH,Retail,Inactive,2024-01-13,Employed Full-time,109370
James,Henry,jeremiah26@example.net,719.801.3020,1983-11-10,F,West Jacobhaven,NM,Retail,Active,2023-12-29,Retired,144992
Marisa,Hudson,wmason@example.net,+1-421-676-6191,1952-01-20,M,South Jerryside,MA,Premium,Active,2023-04-13,Retired,145402
Jeffrey,Shepard,peter51@example.org,318-993-8984x6908,2007-08-12,F,Deniseton,MA,Retail,Inactive,2024-12-22,Employed Full-time,51223
Jose,Cook,tayloramy@example.net,903-471-9905x16991,1963-08-05,F,North Austinhaven,IN,VIP,Active,2025-12-13,Retired,129209
Michael,Woods,andrewbrown@example.org,+1-496-808-7066,1992-11-28,M,Dunnville,NV,Premium,Active,2023-09-08,Self-employed,109469
Penny,Haas,michael56@example.org,231.290.3689,2004-08-10,M,Port Brian,AR,VIP,Inactive,2023-09-21,Employed Full-time,58439
Samuel,Campbell,michael34@example.org,+1-967-611-1483x753,1970-02-26,M,Mistybury,NC,Premium,Inactive,2024-04-27,Employed Full-time,117819
Luis,Weaver,brownrachel@example.net,+1-774-413-2834x831,1947-08-17,F,Lake Scott,WV,VIP,Inactive,2025-02-10,Self-employed,112395
Stephanie,Smith,nelsonbrianna@example.com,904-296-7066,1960-06-16,M,South Jack,NE,Premium,Inactive,2025-06-13,Self-employed,121961
Brett,Torres,sharon95@example.com,001-993-805-9660x18648,1984-02-25,M,Franciscofurt,NH,VIP,Active,2024-03-13,Employed Full-time,107872
David,Smith,christopher38@example.com,796-609-4544x90149,2002-11-12,F,South Steven,NV,VIP,Inactive,2023-03-22,Self-employed,89817
Steven,Church,jlittle@example.org,(909)414-9851x72444,1960-08-29,F,East Monica,SD,Retail,Active,2023-05-25,Self-employed,115650
Jesse,Pena,gabriellevalencia@example.net,308-330-4405x80935,1979-09-07,F,Wilsonland,IA,VIP,Active,2024-01-19,Retired,95604
Mark,Watson,bjones@example.com,(605)295-5657,1956-02-04,F,Bradleyberg,PW,VIP,Inactive,2025-09-12,Retired,128467
Anthony,Lynch,william89@example.net,(836)390-2611x398,2002-11-12,F,New Thomashaven,NC,Premium,Active,2025-01-22,Retired,115024
Logan,Lee,rhonda53@example.com,775.313.7651,2007-06-05,F,Denisebury,NV,Premium,Active,2024-12-18,Retired,130582
Jerry,Carey,sarasanchez@example.com,+1-992-594-4551x16682,2006-06-03,F,South Alexis,DE,Premium,Active,2024-12-18,Retired,71803
Jose,Spencer,inewton@example.org,(602)312-8866x52683,1968-02-08,F,Brittanyville,VA,Premium,Inactive,2023-05-18,Employed Full-time,147230
Charles,Mccall,olozano@example.com,001-764-972-2981x2099,1971-01-01,F,Samuelhaven,VA,Premium,Active,2025-09-07,Retired,120668
Joshua,Mejia,kennethpeterson@example.net,689.786.4565x22036,1951-12-15,F,Justinville,LA,Premium,Inactive,2024-05-07,Retired,93405
Tommy,Walker,keithhardin@example.net,001-513-242-1388x20908,1978-06-02,M,West Jamesshire,NE,Premium,Inactive,2025-01-28,Self-employed,93627
Abigail,Guerra,samantha17@example.com,741.624.1513x1528,1976-01-16,M,Lake Haileyton,NE,VIP,Active,2023-08-12,Employed Full-time,139888
Sarah,Bauer,james80@example.net,+1-903-629-6334x7272,1954-02-25,M,Lake Nancy,NC,VIP,Inactive,2024-02-04,Employed Full-time,108260
Aaron,Jones,jenniferwilliams@example.net,996-993-5782x434,1999-05-28,F,Harperside,NJ,Premium,Active,2024-06-09,Retired,65582
Colin,Rodriguez,robert75@example.org,+1-561-227-5156x27796,1964-12-25,F,Williamchester,AR,Premium,Active,2025-07-29,Employed Full-time,49798
Kelsey,Green,robert76@example.com,404-573-5047x639,1998-03-26,F,New Cherylberg,PA,VIP,Active,2025-06-24,Retired,67426
Andrew,Bowen,tdavis@example.com,(581)608-3583x286,1999-09-18,F,West Martin,IL,Retail,Active,2025-07-14,Employed Full-time,64136
Jessica,Case,brucekari@example.net,586-570-2440,1947-06-26,M,Karenfurt,SD,VIP,Inactive,2024-11-20,Retired,123687
David,Yang,michelle11@example.net,001-760-808-9219x6394,1980-01-19,F,West Joshuaborough,CT,Premium,Active,2024-04-22,Employed Full-time,138535
Tanya,Johnston,fcarter@example.org,(384)974-8836x07658,1960-06-07,F,South Kelliemouth,MN,VIP,Inactive,2025-03-18,Self-employed,135539
Anna,Day,douglas11@example.net,(937)593-1269,1949-03-12,M,Kingport,WA,Retail,Inactive,2024-08-14,Retired,73791
Mary,Johnson,rsavage@example.net,987.387.5357,2007-11-16,M,South Hollyfurt,DC,VIP,Active,2023-03-30,Retired,33865
